,동별,연도별 평균 증감율,장애인연금_대상자에서수급자비율,연금 미수급자중 시설 필요자 수,심한장애중_장애인연금_대상자비율,심않장중_기초및차상위_비율
0,종로구,-0.5,0.83,8,0.52,0.21
1,중구,-0.3,0.61,17,0.52,0.25
2,용산구,-1.3,0.57,25,0.5,0.2
3,성동구,-0.6,0.61,32,0.51,0.21
4,광진구,-0.2,0.58,38,0.5,0.18
5,동대문구,-0.5,0.64,40,0.51,0.23
6,중랑구,0.5,0.72,46,0.53,0.28
7,성북구,-0.4,0.63,50,0.53,0.2
8,강북구,0.1,0.74,38,0.54,0.32
9,도봉구,0.4,0.68,40,0.53,0.22
10,노원구,-0.4,0.77,65,0.56,0.38
11,은평구,0.4,0.73,50,0.53,0.22
12,서대문구,-0.5,0.63,36,0.52,0.21
13,마포구,-0.7,0.62,43,0.55,0.21
14,양천구,0.4,0.65,47,0.52,0.22
15,강서구,0.2,0.76,66,0.55,0.37
16,구로구,1.3,0.65,50,0.52,0.19
17,금천구,1.0,0.69,28,0.52,0.27
18,영등포구,0.1,0.57,46,0.53,0.18
19,동작구,-0.3,0.6,47,0.54,0.19
20,관악구,0.1,0.64,56,0.51,0.24
21,서초구,-1.1,0.52,42,0.52,0.16
22,강남구,-0.7,0.64,57,0.56,0.29
23,송파구,0.9,0.58,74,0.54,0.16
24,강동구,1.4,0.63,60,0.54,0.2
